Title,Location,Company,Salary,Sponsored,Description,Job Link,state
DevOps Engineer,"Gurgaon, Haryana",Ericsson,,,"About this opportunity :
We are searching for competent candidates to reinforce our main network and service operations automation with DevOps capabilities using Python (good to have Golang knowledge). Can help in Designing, building, testing, and maintaining the continuous integration and continuous delivery (CI/CD) using Jenkins or Git Pipeline.
We believe in trust – we trust each other to do the right things!
We believe in taking decisions as close to the product and technical expertise as possible.
We believe in creativity – trying new things and learning from our mistakes.
We believe in sharing our insights and helping one another to build an even better user plane.
We truly believe in happiness, we enjoy and feel passionate about what we do and value each other’s technical competence deeply.
What you will do :
Will responsible for network and service operations automation with DevOps capabilities using Python (good to have Golang).
Requirement gathering.
Investigation & help in technical design.
Creating and setting up infrastructure on-premises/ on-cloud.
Developing automation code for creating CI/CD pipelines.
Build and deployment.
Helping in testing automation as part of Pipeline Creation.
Solve, and support for automation of Pipeline.
You will bring :
Bachelor's and master’s degrees in Computer Science.
Technical Competencies
Automation knowledge using Python /GoLang!
Good experience of AWS / Any Cloud Experience!
Designing, building, testing, and maintaining the CI/CD process using Jenkins or Git Pipeline.
Choosing the best tools and technologies the team requires to meet the business needs.
SQL Knowledge to perform queries for Data Verification.
Build tools like Make, Maven, or Gradle.
Automating different phases of the DevOps pipeline using Ansible/puppet.
Monitoring systems for malicious activity.
Performing on-call service.
Ensuring system availability.
Integrating and connecting application elements using Python/GoLang (APIs, libraries, SDKs, etc.).
Why join Ericsson?
At Ericsson, you´ll have an outstanding opportunity. The chance to use your skills and imagination to push the boundaries of what´s possible. To build never seen before solutions to some of the world’s toughest problems. You´ll be challenged, but you won’t be alone. You´ll be joining a team of diverse innovators, all driven to go beyond the status quo to craft what comes next.
What happens once you apply?
Ericsson provides equal employment opportunities (EEO) to all employees and applicants for employment without regard to race, color, religion, sex, sexual orientation, marital status, pregnancy, parental status, national origin, ethnic background, age, disability, political opinion, social status, veteran status, union membership or genetics.
Ericsson complies with applicable country, state and all local laws governing nondiscrimination in employment in every location across the world in which the company has facilities. In addition, Ericsson supports the UN Guiding Principles for Business and Human Rights and the United Nations Global Compact.
This policy applies to all terms and conditions of employment, including recruiting, hiring, placement, promotion, termination, layoff, recall, transfer, leaves of absence, compensation, training and development.
Ericsson expressly prohibits any form of workplace harassment based on race, color, religion, sex, sexual orientation, marital status, pregnancy, parental status, national origin, ethnic background, age, disability, political opinion, social status, veteran status, union membership or genetic information.

Primary Recruiter: [[Garima Karnatak]]
Primary country and city: [[India]] || [[Bangalore]] ||",/rc/clk?jk=92e085ac1a8941d9&fccid=82656d64a9a3e6a7&vjs=3,Haryana
DevOps Engineer,"Delhi, Delhi+4 locations",Webyops Inc,,,"We are looking for a DevOps Engineer who help us to build functional systems that improve customer experience. DevOps Engineer responsibilities include deploying product updates, identifying production issues and implementing integrations that meet customer needs. If you have a solid background in software engineering and are familiar with Ruby or Python, we’d like to meet you. Ultimately, you will execute and automate operational processes fast, accurately and securely.
Responsibilities
Implement integrations requested by customers
Deploy updates and fixes
Provide Level 2 technical support
Build tools to reduce occurrences of errors and improve customer experience
Develop software to integrate with internal back-end systems
Perform root cause analysis for production errors
Investigate and resolve technical issues
Develop scripts to automate visualization
Design procedures for system troubleshooting and maintenance
Skills
Work experience as a DevOps Engineer or similar software engineering role
Good knowledge of Ruby or Python
Working knowledge of databases and SQL
Problem-solving attitude
Team spirit
Job Type: Full-time
Pay: ₹20,000.00 - ₹40,000.00 per month
Schedule:
US shift
Education:
Secondary(10th Pass) (Preferred)
Experience:
DevOps Engineering: 1 year (Preferred)
Language:
English (Required)",/company/Webyops-Inc/jobs/Development-Operations-Engineer-85bbca13788e78bd?fccid=85163f7c94ac6220&vjs=3,Delhi+4 locations
DevOps Engineer,"Remote in Noida, Uttar Pradesh",BTOSC INFOTECH PRIVATE LIMITED,,,"Required Skills:
DevOps Engineering
Automation
Docker and Kubernetes
Jenkins and TeamCity
JIRA
GitHub
Maven and Gradle
Netsparker
Selenium
Nagios and ELK
Working knowledge of databases and SQL
Experience as a DevOps Engineer or similar software engineering role
Roles & Responsibilities:
Building and setting up new development tools and infrastructure
Understanding the needs of stakeholders and conveying this to developers
Working on ways to automate and improve development and release processes
Testing and examining code written by others and analyzing results
Ensuring that systems are safe and secure against cybersecurity threats
Identifying technical problems and developing software updates and fixes
Working with software developers and software engineers to ensure that development follows established processes and works as intended
Planning out projects and being involved in project management decisions
Deploy updates and fixes
Build tools to reduce occurrences of errors and improve customer experience
Job Types: Full-time, Contractual / Temporary
Contract length: 6 months
Salary: ₹50,000.00 - ₹90,000.00 per month
Benefits:
Work from home
Schedule:
Day shift
Monday to Friday
Experience:
DevOps: 4 years (Required)",/company/BTOSC-INFOTECH-PRIVATE-LIMITED/jobs/Development-Operations-Engineer-60f86b4bfd8be97f?fccid=4a40d9ae07e43cd5&vjs=3,Uttar Pradesh
Associate DevOps Engineer,"Bengaluru, Karnataka",BOEING,,,"At Boeing, we innovate and collaborate to make the world a better place. From the seabed to outer space, you can contribute to work that matters with a company where diversity, equity and inclusion are shared values. We’re committed to fostering an environment for every teammate that’s welcoming, respectful and inclusive, with great opportunity for professional growth. Find your future with us.
Overview
Boeing is the world’s largest aerospace company and a leading provider of commercial airplanes, defense, space, and security systems, and global services. Building on a legacy of over a century of innovation and leadership, Boeing continues to lead the way in technology and innovation, customer delivery, and investment in its people and future growth of aerospace.
In India, Boeing has been a strong partner to the Indian aerospace and defense sectors for more than 75 years. People at Boeing have been supporting mission readiness and modernization of India’s defense forces, and enabling connected, safer, and smarter flying experiences, in the sky, in the seas, and in space.
Technology for today and tomorrow
The Boeing India Engineering & Technology Center (BIETC) is a 3000+ diverse engineering workforce that contributes to global aerospace growth. Our engineers deliver cutting-edge R&D, innovation, and high-quality engineering work in global markets, and leverage new-age technologies such as AI/ML, IIoT, Cloud, Model-Based Engineering, and Additive Manufacturing, shaping the future of aerospace.
People-driven culture
At Boeing, we believe creativity and innovation thrives when every employee is trusted, empowered, and has the flexibility to choose, grow, learn, and explore. We offer variable arrangements depending upon business and customer needs, and professional pursuits that offer greater flexibility in the way our people work. We also believe that collaboration, frequent team engagements, and face-to-face meetings bring diverse perspectives and thoughts – enabling every voice to be heard and every perspective to be respected. No matter where or how our teammates work, we are committed to positively shaping people’s careers and being thoughtful about employee wellbeing.
At Boeing, we are inclusive, diverse, and transformative.
With us, you can create and contribute to what matters most in your career, community, country, and world. Join us in powering the progress of global aerospace.
At Boeing, we are all innovators on a mission to connect, protect, explore and inspire. From the seabed to outer space, you’ll learn and grow, contributing to work that shapes the world. Find your future with us.
Boeing India Engineering organization is currently looking for Associate Devops Engineer to join their team in Bengaluru, KA. As a DevOps Engineer, you will be part of the Boeing Global Services Digital Solutions team, which develops software applications and products that create direct value to its customers. We provide re-vamped work environments focused on delivering data-driven solutions at a rapidly increased pace over traditional development. Be a part of our passionate and motivated team who are excited to use the latest in software technologies for modern web and mobile application development. Through our products we deliver innovative solutions to our global customer base at an accelerated pace.
Position Responsibilities:
The selected individual will work in the Boeing India Engineering and Technology Center (BIETC) in Bangalore, India.
As a software developer, the selected individual will work in the BIETC Boeing Global Services (BGS) engineering team to develop, maintain and improve Web applications.
Should have experience in Software Engineering Domain with evidence of thorough understanding of requirements to solve problems and actively participates in software development.
Should have excellent communication and presentation skills
Should have demonstrated ability to work in an AGILE environment.
Demonstrated ability to create positive impact on customer by developing polished, cohesive, effective, and user friendly web applications.
Must have experience working with cross-functional teams spread across multiple products and locations within Boeing and external partners.
Must be flexible, with a high tolerance for organizational complexity and ability to work with partners from within Boeing and outside, across different cultures and time-zones.
Candidate must be a self-starter with a positive attitude, high ethics, strong analytical and creative problem solving skills and a track record of working successfully under pressure in a time-constrained environment.
Ability to independently execute & deliver on the backlog without dependency or hand-holding.
Should be an excellent team player.
Work in an Agile Scrum team following the best practices on Software Craftsmanship such as Test-driven development and Pair Programming/Peer Reviews.
The selected individual will be a skilled, highly professional engineer, work collaboratively with an international team comprising software development, product management, and business analysis.
Mentors junior team members on technical aspects. The selected individual will also be responsible to provide support to development of internal competency and resources for critical skill sets and be a sought-after expert that other developers can benefit from.
This position provides periodic updates to Boeing management in the form of progress reports, project summaries, and other related documents. This position will also be responsible for coordinating and communicating regularly with experts in Boeing organizations around the world.
Research and recommend new technologies to improve the product development activities.
Travel domestically and internationally, as required.
Employer will not sponsor applicants for employment visa status.
Basic Qualifications (Required Skills/Experience):
Bachelor’s Degree with 5+ years of experience or Master’s Degree with 4+ years of experience is must
Hands on knowledge in the Designing and Developing full stack modules and components for web applications. This position must also have a supporting on development work who has excellent programming skills in the latest tools & technology frameworks like ReactJS, AngularJS, NodeJS, Bootstrap, HTML5, CSS3, Javascript, JQuery, Java8/J2EE, Docker, Kubernetes.
Should be seasoned on Devops day-today activities.
Experience in automated test is essential.
Must have experience with Spring Framework, Docker Containers, Kubernetes, REST & SOAP based Web Services and SOA, MySQL, PostgreSQL, and any other relational databases,. Experience with SOA including Micro services based architecture.
Familiarity and/or experience with public cloud infrastructure and technologies such as Azure or Amazon Web Services (AWS) is a plus.
Experience in database modelling (MySQL/NoSQL databases such as Mongo DB)
Desire to learn and conduct hands-on experimentation, product evaluations and proof of concepts in various diverse array of technologies.
Hands-on experience with Build and Deployment tools and languages. Experience in best practices and tools around CI/CD.
Knowledge and usage of sonarqube to perform continuous inspection of code quality to perform automatic reviews with static analysis of code to detect bugs, code smells, and security vulnerabilities.
Sound knowledge on static code analysis tool like Coverity tool.
Knowledge of integrating with Ant, Maven, GIT and Shell scripting.
Strong backend experience to develop Data Layer using at least one of the ORM frameworks like Hibernate, JPA etc.
Good knowledge of database concepts with knowledge on writing SQL Queries and Stored Procedures.
Excellent knowledge and experience of Maven, Continuous Integration, and Continuous Delivery with Jenkins.
Can follow the best practices on Test-driven development
Strong believer of DevOps methodology.
Effectively resolve problems and roadblocks as they occur, consistently following through on details while driving innovation as well as issue resolution.
Monitor the implementation of design throughout the system development lifecycle and seek and provide clarification when needed.
Must have experience working with cross-functional teams spread across multiple products and locations within Boeing and external partners, across different cultures and time-zones.
Collaborate effectively with a team of development engineers, QA/Testing, Build, and Project Management.
Preferred Qualifications (Desired Skills/Experience):
Monitor the implementation of architecture throughout the system development lifecycle and seek and provide clarification when needed.
Must have experience working with cross-functional teams spread across multiple products and locations within Boeing and external partners, across different cultures and time-zones
Experience developing airline operations software applications would be a plus, but not required.
Collaborate effectively with a team of development engineers, QA/Testing, Build, and Project Management.
Good understanding of NOTAM's, Experienced with Navigation databases, Flight planning and dispatch solutions, knowledge on EFB applications, ARINC 633 format (any ARINC standards), Hands on Navigation maps (airport maps , obstacle , aviation databases), eNOTAMS
Knowledgeable about airline flight operations and piloting procedures
Flight Management System (FMS) domain knowledge
Flight Support Service (FSS) knowledge
Knowledge on Weather, Wind updates, GRIB, , Navigation database, Notams, CRAM/CDR, Brief idea on enroute charges and Tracks, ACARS, Euro control B2B feeds
Familiar with Airspace structure domain knowledge
Knowledge of Airline Operations Center (AOC) domain
Knowledge of NOAA significant meteorological (SIGMET) processing
Typical Education & Experience:
Bachelor’s Degree with 5+ years of experience or Master’s Degree with 4+ years of experience is must
Relocation:
This position offers relocation based on candidate eligibility.

Export Control Requirements: Not an export control position

Equal Opportunity Employer:
We are an equal opportunity employer. We do not accept unlawful discrimination in our recruitment or employment practices on any grounds including but not limited to; color, religion, national origin, gender, sexual orientation, gender identity, age, physical or mental disability, genetic factors, military and veteran status, or other characteristics covered by applicable law.
We have teams in more than 65 countries, and each person plays a role in helping us become one of the world’s most innovative, diverse and inclusive companies. Applicants are encouraged to share with our recruitment team any accommodations required during the recruitment process.",/pagead/clk?mo=r&ad=-6NYlbfkN0D63QRoR8NHes0BU6XF05SdLAJ2qRn_ksMIVtdRlLGFB9iUONA4FrCC6w33WEuBxmaIhwt4qUaqHhm_BoeG4hVAfHuI_9N7kDVDdUNHcVzMuQ0NolJcIv9mcuhyUj8msvJ61rMZlJ2JdE3Zuv6-LFsK1BjKkV_wCFd0tS_u8vpoJHsJpbSbEx05B3eiO-ktykcCRM33Zxte5Hq9rsZYNOK0Fa3G-wYqtMxM65LbbA-MrCIuq4_NB_15CoHEQe1ft57iVRLVTuPFeKBNf-S3hOnjn03p-ANw9hWekEbPx_fQ8vtbEyvUfBpHT-0qQh0Ub8Cm9mLMNcFZ8z1IH1_Ex66oj7-JIWa4h2eEdDckHxnUZZ1tJUm5iCE4QEMXRNoVB2yrXz0h8eVGXrTwasjR0FDIozK6U0IDW0IzSmttveY6z_e1xEJ7CKs7ZwTBgBYBzBZmuyBa0v3iXkh4b7oG9hbRS0i1br_-wkNHNJiB99ku0CnsB8fvzLLJ6yZIbi64v9UswRWy3nI8uhQUIjsD2qeRfRnFYhsCtHA2Fa4xzmUDXBAUYCpa4khNqhiq2D3CtQkwF0xdkf4DGmd7evtZUst9tz8SqNFrSEyo8X6NBVAQVBkxlrkrrWh94TGQFlmOCpoEfFG94nEF64yRUM5_UYrYuw3-kbm8xH-oGP9n6v4lWE4IiiVWPLroAj5iEhKLBbqL9zOt6ZUs38IzOO9ibMQd4QQQiEbGlo3Cbv72nCBAng==&xkcb=SoCV-_M3NjaExtwFhJ0IbzkdCdPP&p=3&fvj=0&vjs=3,Karnataka
Devops Engineer,India,Elsner Technologies,,,"Job Description

Greetings from Elsner Technologies Pvt. Ltd.
We are glad to introduce ourselves as one of the leading Global IT Company.
We are hiring Devops Engineer
Experience:- 2 to 5 Years
Job Description:-
We need devops engineer, here is job description
Responsibilities:
Install and manage Linux based operating systems like ubuntu and centos
Install and manage Linux packages like PHP, Mysql, apache etc.
create virtual host and manage apache server configurations
create MySQL / MariaDB users and manage permissions
import / export of database
create new FTP users and manage file permissions
create and install SSL certificates
manage domain pointing and DNS records
Install and set up WordPress website and Magento websites on cloud servers
Manage cloud servers on AWS
Manage WHM and Cpanel
Manage Backup of Servers (code and database)
Required Skills:
Linux firewall UFW
Cloud firewall or AWS Security Group
AWS EC2
Proxy Servers
Port forwarding
Docker





Skills
Cpanel, Centos, Dns, Devops, Wordpress, Mysql, Ec2, Magento, Mariadb, Ftp, Proxy Servers, Php, Ssl Certificates, Linux, Ubuntu, Hiring, Sql, Apache, Docker



About Company
Elsner is a full-fledged IT service driven company providing precision Web Development and Mobile Development services which ultimately results in the development of state-of-the-art Software Development solutions to our customers.

Company name - Elsner Technologies Pvt. Ltd.
Location - Shivranjani Cross Road, Satellite, Ahmedabad
Established - 2007
Employees - 200+
Contact no. - 9099916499(HR)
Email - career@elsner.com
Website - elsner.com
5 Days working",/rc/clk?jk=ae6f670822775720&fccid=c431876632856f63&vjs=3,India
Associate DevOps Engineer,"Kochi, Kerala",Beinex,,,"Highlights
Experience
0 - 1 Year
Joining Date
Immediate
Qualification
Graduate or Post Graduate Degree in Computer Science or Software Engineering or any related field
Job Description
Beinex is seeking a Junior DevOps Engineer to join our team. As a Junior DevOps Engineer, you will be responsible for supporting and maintaining our infrastructure, implementing automation processes, and ensuring the smooth operation of our systems.
You will work closely with the development and operations teams to streamline our processes and enhance efficiency. This role is an excellent opportunity for someone with 0-1 year of experience in system, storage, and network administration who is passionate about DevOps and eager to learn and grow in a dynamic environment.
Responsibilities
Administer system, storage, and network infrastructure to ensure high availability and performance
Troubleshoot and resolve volume, CPU, memory, and system performance issues
Implement and maintain AWS Cloud services, including EC2, RDS, Route53, and S3 bucket
Manage and optimise IAM policies and access controls
Develop and maintain CI/CD pipelines and automation scripts using tools like Jenkins and GitHub actions
Collaborate with development teams to implement best practices for building, testing, and deploying applications
Monitor system health and proactively identify potential issues
Conduct regular backups and implement disaster recovery strategies
Ensure adherence to security and compliance standards
Stay updated with the latest industry trends and DevOps and cloud technologies advancements
Key Skills Requirements
0-1 year of experience in administering enterprise-level Linux operating environments
Strong knowledge and experience working with AWS Cloud platform and services (EC2, RDS, Route53, S3 bucket, IAM)
Ability to debug and troubleshoot volume, CPU, and memory issues
Familiarity with CI/CD tools and practices, such as Jenkins or GitHub Actions
Experience with Infrastructure as Code (IaC) tools like Terraform
Proficiency in scripting languages like Bash or Python
Understanding of networking fundamentals and protocols
Familiarity with containerisation technologies like Docker
Knowledge of relational databases like MySQL and MSSQL
RHCSA or AWS certification is an added advantage
Excellent interpersonal and communication skills
Strong problem-solving and troubleshooting abilities
Ability to work in coordination with a team and also to collaborate with cross-functional teams
Self-motivated and eager to learn new technologies and tools

Perks: Careers at Beinex
Comprehensive Health Plans
Learning and development
Workation and outdoor training
Hybrid working environment
On-site travel Opportunity
Beinex Branded Merchandise",/rc/clk?jk=845986d9c702cb3d&fccid=fcb19ba739a946d1&vjs=3,Kerala
Devops Engineer,"Bengaluru, Karnataka",Cargill,,,"Job Purpose and Impact

The Application Development Analyst I, will help maintain integrate and implement software applications within the organization. In this role, you will help support basic software application testing, quality assurance, configuration, installation and support to ensure smooth, stable and timely implementation of new software and updates to installed applications. Key Accountabilities

Help compile and prioritize enhancements and defect resolutions to applications, implementing changes.
Conduct technical software testing and debug systems and software applications, as needed.
Perform basic and less complex programming, coding and documentation of systems and applications software.
Analyze business requirements and prepare detailed technical specifications to write applications and programs.
Perform supporting activities related to the strategy and technical planning of system and application technology in accordance with internal and external software compliance standards.
Handle basic issues and problems under direct supervision, while escalating more complex issues to appropriate staff.
Other duties as assigned Qualifications
Minimum Qualifications
Bachelor's degree in a related field or equivalent experience
Other minimum qualifications may apply",/rc/clk?jk=0ee859b20754a16d&fccid=d7d9a8241ba2f3ec&vjs=3,Karnataka
DevOps Engineer,"Gurgaon, Haryana",Fantasy Akhada,,,"About the Company
Super Six Sports Gaming (SSSG) is a sports tech organisation which focuses on building world class products in the domain of sports on the back of technology, with the single point agenda of driving sports engagement in the country. The company was launched in 2020 and has ever since identified three key levers of sports engagement and built brands focussing on those levers in their journey of creating a sporting ecosystem in the country. The above mentioned levers, along with the respective SSSG brand in the domain, has been explained in detail below:-
A short brief about the products
Fantasy Sports | Brand Name: Fantasy Akhada - is one of India's Top 5 fantasy sports platforms with Harsha Bhogle as the Brand Ambassador. Keeping customer centricity at the core, the brand has taken rapid strides from being one of the 200 platforms in the country to cementing a position in the Top 5 in less than 3 years. Over 5 million registered users.
Sports Content | Brand Name: VUSPORT - On the back of streaming of LIVE matches, sports analytics and generic sports content, the brand VUSPORT was launched in Jan 2022 with the product launch in Q4 FY 23. The legendary AB De Villiers and Sunil Chhetri are the faces of the brand and the idea is to drive engagement among fans on the back of content and analytics.
Quizzing | Brand Name: Ultimate Sports Quiz - Launched in early 2022, the idea of USQ was to leverage Sports Quizzing as a tool to drive people into following sports. This brand focuses only at the school level with a massive TAM of 200+ million students. Season 1 of Ultimate Sports Quiz was broadcast on the Sony Sports Network and MX Player and witnessed a wide read of over 8 million viewers. We witnessed participation from over 25 cities across the length & breadth of the country and the quiz show was hosted by the legendary Harsha Bhogle.
Role: DevOps Engineer
Experience Required: 2+ years
Location: Noida
Job Responsibilities:
Working independently with minimal supervision in a high-growth stage start-up
Designing and developing automation to support continuous delivery and continuous integration processes
Working with senior leaders to deliver on complex, enterprise – level initiatives that are a part of the company's overall strategic direction
Assisting Cloud Architects to provide operations and migration services that enable VA to tailor the availability and delivery of cloud computing services based on business and technical requirements
Leading, driving, and implementing highly scalable and complex solutions
Driving both systems administration and showing a strong desire to expand their experience architecting and implementing cloud solutions
Designing and communicating custom workflows, run books, and response documents
Providing scripted solutions to unique scenarios
Required Skills:
● 2+ years of experience in managing AWS CI/CD pipeline and infrastructure
● Experience in Apache, NGNX server setup and tuning for high performance
● Experience in AWS environment for: IAM, VPC setup, subnet, EC2, Load
balancing, Redis clustering, RDS setup and tuning, S3, CloudWatch, MongoDB
setup, Aurora, API Gateway, Route 53, Lambda functions, MySQL setup and
tuning, Error logging (monitoring and alert setup),MongoDB Atlas.
● Working experience on ECS far gate, docker, microservice setup will be
preferred
● Knowledge of configuring tools: Jenkins, SonarQube, Terraform, Selenium or
equivalent tools in AWS will be preferred
● Experience in / knowledge of Git configuration, setup, and management
● Knowledge of code security implementation and monitoring
Job Type: Full-time
Benefits:
Health insurance
Leave encashment
Paid sick time
Paid time off
Provident Fund
Schedule:
Day shift
Ability to commute/relocate:
Sector 62, Gurgaon - 122011, Haryana: Reliably commute or planning to relocate before starting work (Required)
Experience:
total work: 1 year (Preferred)",/company/Fantasy-Akhada/jobs/Development-Operations-Engineer-9fae98f537597603?fccid=2a1ac11dde008e25&vjs=3,Haryana
DevOps Engineer,Remote,DevOps Engineer at Vagdevi IT Solutions PVT.LTD,,,"Having 3+ years of experience with IT industry and in DevOps; skilled in designing, implementing, maintaining, and supporting of cloud-based infrastructure and its solutions. Experience in cloud-based applications, technologies along with tools, deployment, Configuring and Installing Various Tools and providing permissions in respective environments (Azure DevOps, GitHub, GIT). Expertise in DevOps dedicated to automation and optimization; worked on consultation as well as implementation front for the CI/CD Pipelines.Using Terraform for Automating the Infrastructure Provisioning. Experience working with Container based deployment using Docker, working with docker images, docker file, Azure Container registers, and Kubernetes.
Job Type: Full-time
Pay: ₹700,000.00 per year
Benefits:
Health insurance
Schedule:
Day shift
Evening shift
Monday to Friday
Night shift
Supplemental pay types:
Joining bonus
Experience:
total work: 3 years (Preferred)
Work Location: Remote",/company/DevOps-Engineer-at-Vagdevi-IT-Solutions-PVT.LTD/jobs/Development-Operations-Engineer-dc14a5a7e5a3e188?fccid=10a779fb45889072&vjs=3,Remote
"Staff Engineer, DevOps",Remote,Nagarro,,,"Company Description

We're Nagarro.

We are a digital product engineering company that is scaling in a big way! We build products, services, and experiences that inspire, excite, and delight. We work at scale — across all devices and digital mediums, and our people exist everywhere in the world (18,000+ experts across 33 countries, to be exact). Our work culture is dynamic and non-hierarchical. We're looking for great new colleagues. That's where you come in!

Job Description

By this point in your career, it is not just about the tech you know or how well you can code. It is about what more you want to do with that knowledge. Were you given the tools to go beyond solving for X? Can you help your teammates proceed in the right direction? Can you tackle the challenges our clients face while always looking to take our solutions one step further to succeed at an even higher level? Yes? You may be ready to join us.

Additional Information

Click here to access the application privacy notice",/rc/clk?jk=c1cd00268371ac18&fccid=be57e01618911e92&vjs=3,Remote
Devops engineer,"Bengaluru, Karnataka",Mercedes-Benz Research and Development India...,,,"Aufgaben
Vision of the Team:
Lead the digital acceleration program at Mercedes Benz through digitalization, automation, and acceleration of developer journeys for different vehicle programs like Autonomous Driving, Infotainment, Electrification.
This will be done by creating of State of the Art DevOps platforms, b) Automation of processes and tools, and c) realization of dashboards for best information exchange and user experience.
#ProgramManagement #DevOps #CICD #Leadership

Roles & Responsibilities
DevOps engineer- understand project life cycle, tools used. Build state of the art devops pipelines for the projects using GitLabCI or Jenkins as per project needs. Integrate other tools on it. Automation usnig groovy scripts. Cloud adaptation, dockerization needed.
Qualifikationen
Vision of the Team:
Lead the digital acceleration program at Mercedes Benz through digitalization, automation, and acceleration of developer journeys for different vehicle programs like Autonomous Driving, Infotainment, Electrification.
This will be done by creating of State of the Art DevOps platforms, b) Automation of processes and tools, and c) realization of dashboards for best information exchange and user experience.
#ProgramManagement #DevOps #CICD #Leadership

Roles & Responsibilities
DevOps engineer- understand project life cycle, tools used. Build state of the art devops pipelines for the projects using GitLabCI or Jenkins as per project needs. Integrate other tools on it. Automation usnig groovy scripts. Cloud adaptation, dockerization needed.",/rc/clk?jk=9fdd229c919bb186&fccid=9ab138c02aaca829&vjs=3,Karnataka
DevOps Engineer,"Remote in Bengaluru, Karnataka",hurreh technologies pvt ltd,,,"DevOps Engineer (Hurreh Technologies Pvt Ltd)
We are Hurreh Technologies Pvt Ltd, a leading provider of advanced software solutions, and we're looking for a motivated DevOps Engineer to join our team.
The DevOps Engineer will be responsible for managing all aspects of our DevOps practice and promoting continual improvement and automation for our development, testing, and deployment process. This role involves combining software engineering and system administration to manage our software delivery pipeline, deploy code to our server environments, and ensure the availability and scalability of our platforms.
What you'll do:
•Manage the build, test, and deployment pipelines to support automated application packaging, installation, and configuration.
•Develop and maintain Continuous Integration and Continuous Delivery (CI/CD) processes, pipelines, and workflows.
•Work with developers to ensure all code is properly configured, tested, and deployed.
•Proactively identify potential problems and solutions for optimization of code delivery pipeline.
•Monitor and maintain server and network infrastructure, including deployments and updates.
•Design, implement, and maintain tooling for the secure deployment, configuration, and support of distributed applications.
What you'll need:
•3 years of experience in a DevOps or software engineering role
•Strong knowledge of CI/CD tools such as Jenkins, Github, and Kubernetes
•Proficiency in scripting languages such as Bash and Python
•Experience working with cloud platforms such as Google Cloud Platform and Amazon Web Services
•Familiarity with containerization and virtualization technologies
•Excellent communication and problem-solving skills
•Exceptional attention to detail
If you're interested in joining our ambitious and forward-thinking team, apply now and let us know why you are the ideal DevOps Engineer for Hurreh Technologies. We look forward to hearing from you!
Apply Now
Job Type: Full-time
Salary: ₹527,920.46 - ₹1,874,747.59 per year
Benefits:
Health insurance
Paid sick time
Provident Fund
Work from home
Schedule:
Day shift
Morning shift
Supplemental pay types:
Joining bonus
Performance bonus
Yearly bonus
Ability to commute/relocate:
Bangalore, Karnataka: Reliably commute or planning to relocate before starting work (Required)",/company/hurreh-technologies-pvt-ltd/jobs/Development-Operations-Engineer-f68bfbc6c1673fe6?fccid=94572916e427c410&vjs=3,Karnataka
Sr. DevOps Engineer,"Remote in Delhi, Delhi",OpsTree Solutions,,,"Job Summary
We are seeking a skilled and experienced DevOps Engineer with expertise in Google Cloud Platform (GCP), Kubernetes, and Linux to join our team. As a DevOps Engineer, you will play a crucial role in designing, implementing, and maintaining our infrastructure, deployment pipelines, and continuous integration/continuous delivery (CI/CD) processes. You will have the opportunity to build an in-depth understanding of our client's business problems and then implement organizational strategies to resolve the same.
Responsibilities:
Design and implement scalable and reliable infrastructure solutions on Google Cloud Platform (GCP) using best practices.
Manage and optimize Kubernetes clusters for containerized applications, ensuring high availability and efficient resource utilization.
Develop and maintain CI/CD pipelines for automated build, test, and deployment of applications.
Collaborate with development teams to streamline the software development process, integrating infrastructure-as-code principles and promoting DevOps culture.
Monitor and troubleshoot system and application issues, ensuring timely resolution and minimizing downtime.
Implement and maintain robust security measures to protect the infrastructure and data, including access controls, encryption, and vulnerability management.
Perform capacity planning and optimization to ensure optimal performance and cost-efficiency of the infrastructure.
Stay up-to-date with industry trends, best practices, and emerging technologies related to DevOps, GCP, Kubernetes, and Linux.
Provide technical guidance and support to other team members, fostering knowledge sharing and continuous improvement.
Benefits of working with OpsTree Solutions:
Opportunity to work on the latest cutting-edge tools/technologies in DevOps
Knowledge focused work culture
Collaboration with very enthusiastic DevOps experts
High growth trajectory
Opportunity to work with big shots in the IT industry
Job Types: Full-time, Regular / Permanent
Salary: ₹1,300,000.00 - ₹1,600,000.00 per year
Benefits:
Health insurance
Internet reimbursement
Provident Fund
Work from home
Schedule:
Monday to Friday
Ability to commute/relocate:
NCR, Delhi: Reliably commute or willing to relocate with an employer-provided relocation package (Required)
Experience:
Kubernetes, Google Cloud Platform (Preferred)
Speak with the employer
+91 9997624887",/company/opstree-solutions/jobs/Development-Operations-Engineer-b2d5fd3522025af2?fccid=78c744447a21cd61&vjs=3,Delhi
Senior Analyst- DevOps Engineer,"Bengaluru, Karnataka",Deloitte,,,"Senior Analyst – DevOps Engineer- Technology and Infrastructure – Deloitte Support Services India Pvt Ltd
USI T&I CMS - DevOps Engineer
Technology & Infrastructure - Office of the Deputy CIO for Technology
Overview
The CMS Group reports to the office of the Deputy CIO for Technology and is responsible for delivering DevOps services which accelerate the delivery of both revenue-generating and internal applications. The DevOps group flexes to support business-lead software development while bring to bear best practices which streamline and fully automate the release management pipeline.
In your role as the Cloud DevOps Engineer, you will be responsible for the Cloud infra setup, design of multi-cloud solutions & perform Cloud operations work on multi cloud. You will need to coordinate with the Delivery Manager, Software Architects, Software Developers, and Cloud Architects & Engineers to design the Cloud Infrastructure for a large distributed solution. You will ensure Application solution is appropriate for the Cloud and become the trusted advisor of the software development team. You will ensure that Cloud Architecture allows for the DevOps philosophy to be embraced. You will ensure designs allow for the implementation of tools and processes which enable rapid development and delivery of software, continuous integration/deployment, automated quality checks, and operational metrics that can be consumed by development teams.
An ideal candidate for this role will have a blend of infrastructure, development and operational experience that provides them with a good understanding of the developers they are working with, while also balancing customer satisfaction and maintaining critical systems uptime.
In this role you will partner with your DevOps peers – DevOps Release Managers and DevOps Platform Engineers – to deliver a fully automated end-to-end release management process.
Technical Responsibilities:
5+ years of experience in any Cloud (Azure, AWS or GCP) and other cloud solutions with infra setup in IaaS, PaaS & SaaS along with maintenance, support, enhancement, operations, coding & developer skillsets.
Hands-on industry work experience of design/build of DevOps CI/CD pipelines on the public cloud environments, preferably AWS and Azure Fluency in development tools like Ansible, PowerShell and added advantage if knowledge on programming languages like (e.g., Python, Java, Go, Bash scripting, .NET, C#).
Should have strong experience on automations using Terraform, Docker, Kubernetes, ARM templates, AI/ML etc.
Hands-on experience with AWS services for IAAS and PAAS products and features such as VPC, EC2, Containers, S3, DynamoDB, Lambda, RDS, Route53, Cloud Formation templates, Cloud Watch, IAM, Elastic Bean Stalk, Cloud Trail, API Gateways is and added advantage.
Hands-on experience in On-Prem to Cloud migrations, landing zones creation, subscription, resource groups, policies, firewall setup, application load balance setup & advanced knowledge on operations as well as cloud networking methodologies.
Experienced in designing/implementing Virtual Private Cloud VPC environments including compute, storage, database, networking, security etc. in the AWS ecosystem with HA / DR strategies Extensive experience supporting and scaling production systems
Experience in OS like Windows and Linux is a must.
Excellent communication skills, understanding customer needs, negotiations skills.
Desired:
Certified Azure/AWS/GCP engineer.
Should have implemented many architectural designs and driven projects in IaaS, PaaS & SaaS
Exposure to API architecture and development
Experience: 5+ years
Location – Hyderabad (Bengaluru, Mumbai, Pune, Gurugram
Shift Timing: 12 to 9 PM IST
The team
At Deloitte, we’re all about collaboration. And nowhere is this more apparent than among our 2,000-strong internal services team. With our combined specialist skills, we provide all the essential support and advice our client-facing colleagues need, right across the firm. This enables them to focus all of their efforts on delivering the best service possible to their clients. Covering seven distinct areas; Human Resources, Clients & Industries, Finance & Legal, Practice Support Services, Quality & Risk Services, IT Services, and Workplace Services & Real Estate, together we live, breathe and deliver the Deloitte experience.
How you’ll grow
At Deloitte, we’ve invested a great deal to create a rich environment in which our professionals can grow. We want all our people to develop in their own way, playing to their own strengths as they hone their leadership skills. And, as a part of our efforts, we provide our professionals with a variety of learning and networking opportunities—including exposure to leaders, sponsors, coaches, and challenging assignments—to help accelerate their careers along the way. No two people learn in exactly the same way. So, we provide a range of resources including live classrooms, team-based learning, and eLearning. DU: The Leadership Center in India, our state-of-the-art, world-class learning Center in the Hyderabad offices is an extension of the Deloitte University (DU) in Westlake, Texas, and represents a tangible symbol of our commitment to our people’s growth and development. Explore DU: The Leadership Center in India
Benefits
At Deloitte, we know that great people make a great organization. We value our people and offer employees a broad range of benefits. Learn more about what working at Deloitte can mean for you.
Deloitte’s culture
Our positive and supportive culture encourages our people to do their best work every day. We celebrate individuals by recognizing their uniqueness and offering them the flexibility to make daily choices that can help them to be healthy, centered, confident, and aware. We offer well-being programs and are continuously looking for new ways to maintain a culture that is inclusive, invites authenticity, leverages our diversity, and where our people excel and lead healthy, happy lives. Learn more about Life at Deloitte.
Corporate citizenship
Deloitte is led by a purpose: to make an impact that matters. This purpose defines who we are and extends to relationships with our clients, our people and our communities. We believe that business has the power to inspire and transform. We focus on education, giving, skill-based volunteerism, and leadership to help drive positive social impact in our communities. Learn more about Deloitte’s impact on the world.


Recruiting tips

From developing a stand out resume to putting your best foot forward in the interview, we want you to feel prepared and confident as you explore opportunities at Deloitte. Check out recruiting tips from Deloitte recruiters.
Benefits

At Deloitte, we know that great people make a great organization. We value our people and offer employees a broad range of benefits. Learn more about what working at Deloitte can mean for you.
Our people and culture

Our diverse, equitable, and inclusive culture empowers our people to be who they are, contribute their unique perspectives, and make a difference individually and collectively. It enables us to leverage different ideas and perspectives, and bring more creativity and innovation to help solve our client most complex challenges. This makes Deloitte one of the most rewarding places to work. Learn more about our inclusive culture.
Our purpose

Deloitte’s purpose is to make an impact that matters for our clients, our people, and in our communities. We are creating trust and confidence in a more equitable society. At Deloitte, purpose is synonymous with how we work every day. It defines who we are. We are focusing our collective efforts to advance sustainability, equity, and trust that come to life through our core commitments. Learn more about Deloitte's purpose, commitments, and impact.
Professional development

From entry-level employees to senior leaders, we believe there’s always room to learn. We offer opportunities to build new skills, take on leadership opportunities and connect and grow through mentorship. From on-the-job learning experiences to formal development programs, our professionals have a variety of opportunities to continue to grow throughout their career.
Requisition code: 151981",/rc/clk?jk=172c53adb57e9379&fccid=9e215d88a6b33622&vjs=3,Karnataka
Devops Engineer - Digital Twin,"Bengaluru, Karnataka",Mercedes-Benz Research and Development India...,,,"Aufgaben
Responsibilities:

Mercedes - Benz Standard R&Rs:-

§ Systems engineering and operational support with a focus on application server and application storage.

§ Analyses and specifies technical requirements for infrastructure

§ Consults regarding existing IT application services/components

§ Performs technical feasibility checks for new proposed solutions

§ Designs infrastructure concepts and solutions

§ Defines operational concepts for new proposed solution

§ Implements, tests and documents infrastructure concepts and solutions

§ Contributes to System architecture regarding infrastructure and operations aspects

§ Infrastructure Lifecycle Management for integrated infrastructure components

§ Technical Capacity, Security and Performance Management

§ Automation of administrative system engineering tasks

§ Observes technology trends and integrating them with upcoming solutions

Project Specific R&Rs:-

§ Work on CICD Devops Pipeline tools and integrate code.

§ Implements functions or configures business applications according to the specification.

§ Knowledge of setup and configure monitoring tool. (Graphana, Promethius, Nagios and Zabbix).

§ Analyzes and specifies technical requirements for existing systems.

§ Estimates implementation effort and performs feasibility checks of requirements.

§ Implements Reusable components.

§ Ensure documentation handled for modifications, setup etc.

§ Able to coordinate and own the interaction with other Support MBRDI teams such as Linux team, Virtualization team, Network team etc.

§ Manage Kubernetes in the enterprise & public cloud environments.

§ Write yaml/required configuration files & manage all deployment artifacts independently.

§ Solve deployment issues of Frontend & backend microservices based on java, javascript, react & other technologies.

§ Create network perimeter diagrams & configure Enforcement points whenever needed.

§ Deploy Monitoring tools such Promethius. Also, configure & manage these tools.

§ Deploy / configure ELK tools.

§ Hands on experience with Linux shell scripting / Python.

Experience Required:

Daimler Standard Skills:-

Professional Skills:

§ Expert knowledge in base technologies with focus on relevant middleware components –Tomcat, Nginx and Apache etc.

§ Specific knowledge regarding operating system, server/storage technologies and integrated middleware components

§ Knowledge regarding requirements of the application design

§ Cloud Design Patterns (e.g. Hybrid Cloud) and architectures (e.g. IaaS, PaaS, DBaaS)

§ Knowledge of High-Availability concepts to build robust computing environment

§ Realization/implementation of IT solutions

§ Operating systems knowledge with Shell Scripting

§ Knowledge of IT Security controls, technologies and patterns

§ Project management skills and knowledge of creative methods in agile environments (i.e. ""design thinking"", Scrum, etc.)

§ DevOps culture, methodology and tool chain

§ Demand management, IT Service Delivery, ITIL Service Operation

Interdisciplinary Skills:

§ Technical problem-solving skills

§ Team player

§ Presentation & communication skills

Project Specific Skills:-

§ Good knowledge of scripting any one of them (bash, shell and good to have python.)

§ Good knowledge of Cloud infrastructure (Azure, AWS).

§ Knowledge of Linux preferably SuSE OS administration

§ Knowledge of Container based services (Docker and Kubernetes).

§ Knowledge of WebSphere application, Apache httpd, tomcat and clustering.

§ Knowledge of ELK (Elasticsearch Logstash and Kibana).

§ Configuration Management (GIT), Jira.

§ Can monitor & manage the Mission critical applications including deployment, patching, and migration.

§ Good knowledge of Devops toolkit such as Maven, Jenkins and knowledge of SonarQube is desirable.

§ Experience on container based application architecture.

§ Experience in WebSphere, Apache httpd, tomcat and clustering.

§ Exposure to any Cloud platform architecture and configuration Azure and AWS

§ Aware of Agile Scrum and Kanban Practices

§ Aware of ticketing systems such as ServiceNow etc is a plus but not mandatory

Qualifikationen

Responsibilities:

Mercedes Bez Standard R&Rs:-

§ Systems engineering and operational support with a focus on application server and application storage.

§ Analyses and specifies technical requirements for infrastructure

§ Consults regarding existing IT application services/components

§ Performs technical feasibility checks for new proposed solutions

§ Designs infrastructure concepts and solutions

§ Defines operational concepts for new proposed solution

§ Implements, tests and documents infrastructure concepts and solutions

§ Contributes to System architecture regarding infrastructure and operations aspects

§ Infrastructure Lifecycle Management for integrated infrastructure components

§ Technical Capacity, Security and Performance Management

§ Automation of administrative system engineering tasks

§ Observes technology trends and integrating them with upcoming solutions

Project Specific R&Rs:-

§ Work on CICD Devops Pipeline tools and integrate code.

§ Implements functions or configures business applications according to the specification.

§ Knowledge of setup and configure monitoring tool. (Graphana, Promethius, Nagios and Zabbix).

§ Analyzes and specifies technical requirements for existing systems.

§ Estimates implementation effort and performs feasibility checks of requirements.

§ Implements Reusable components.

§ Ensure documentation handled for modifications, setup etc.

§ Able to coordinate and own the interaction with other Support MBRDI teams such as Linux team, Virtualization team, Network team etc.

§ Manage Kubernetes in the enterprise & public cloud environments.

§ Write yaml/required configuration files & manage all deployment artifacts independently.

§ Solve deployment issues of Frontend & backend microservices based on java, javascript, react & other technologies.

§ Create network perimeter diagrams & configure Enforcement points whenever needed.

§ Deploy Monitoring tools such Promethius. Also, configure & manage these tools.

§ Deploy / configure ELK tools.

§ Hands on experience with Linux shell scripting / Python.

Experience Required:

Daimler Standard Skills:-

Professional Skills:

§ Expert knowledge in base technologies with focus on relevant middleware components –Tomcat, Nginx and Apache etc.

§ Specific knowledge regarding operating system, server/storage technologies and integrated middleware components

§ Knowledge regarding requirements of the application design

§ Cloud Design Patterns (e.g. Hybrid Cloud) and architectures (e.g. IaaS, PaaS, DBaaS)

§ Knowledge of High-Availability concepts to build robust computing environment

§ Realization/implementation of IT solutions

§ Operating systems knowledge with Shell Scripting

§ Knowledge of IT Security controls, technologies and patterns

§ Project management skills and knowledge of creative methods in agile environments (i.e. ""design thinking"", Scrum, etc.)

§ DevOps culture, methodology and tool chain

§ Demand management, IT Service Delivery, ITIL Service Operation

Interdisciplinary Skills:

§ Technical problem-solving skills

§ Team player

§ Presentation & communication skills

Project Specific Skills:-

§ Good knowledge of scripting any one of them (bash, shell and good to have python.)

§ Good knowledge of Cloud infrastructure (Azure, AWS).

§ Knowledge of Linux preferably SuSE OS administration

§ Knowledge of Container based services (Docker and Kubernetes).

§ Knowledge of WebSphere application, Apache httpd, tomcat and clustering.

§ Knowledge of ELK (Elasticsearch Logstash and Kibana).

§ Configuration Management (GIT), Jira.

§ Can monitor & manage the Mission critical applications including deployment, patching, and migration.

§ Good knowledge of Devops toolkit such as Maven, Jenkins and knowledge of SonarQube is desirable.

§ Experience on container based application architecture.

§ Experience in WebSphere, Apache httpd, tomcat and clustering.

§ Exposure to any Cloud platform architecture and configuration Azure and AWS

§ Aware of Agile Scrum and Kanban Practices

§ Aware of ticketing systems such as ServiceNow etc is a plus but not mandatory",/rc/clk?jk=a27122c3a617e130&fccid=9ab138c02aaca829&vjs=3,Karnataka
Azure DevOps Engineer,Remote,Minerva - Trusted Connections,,,"We are hiring a full time contractual Azure Cloud engineer
Years of experience - 7+y
Location Remote
Budget - 90k
Availability upto 40 hrs a week
Requirement:
To ""perform SAP performance tests using LoadRunner.“ FYI, the project is currently moving SAP systems out of Virtustream and onto a new Azure platform.
Proposed Assumptions:
Preparation work:
Install Loadrunner in Azure (the Kyndryl Migration team will work with the Customer to build the required VMs)
Work with the Customer and Customer App Team to devise criteria for simulating business transactions
Deploy the testing scripts to SAP systems that will have already been built and functionally tested
Perform Performance tests:
Confirm performance characteristics of the Test system using LoadRunner scripts
Provide reports and conclusions that confirm if the tested Azure configuration can support the required SAP performance
If required, repeat testing after adjustments have been made to the Azure and/or SAP configurations
Job Types: Full-time, Regular / Permanent
Salary: Up to ₹90,000.00 per month
Benefits:
Flexible schedule
Work from home
Schedule:
Day shift
Morning shift
Supplemental pay types:
Yearly bonus
Application Question(s):
Are you available for 40 hours minimum on weekdays?
Experience:
CI/CD: 1 year (Preferred)
Azure: 5 years (Required)
Speak with the employer
+91 7903549148",/company/Minerva---Trusted-Connections/jobs/Development-Operations-Engineer-2190834e7158ae42?fccid=20740b9da9a4fb76&vjs=3,Remote
DevOps Engineer,"Rajkot, Gujarat",Hirefaast,,,"Experience: 5 to 10 years
Location: Rajkot(on-site)
Salary: good hike on Experience and knowledge
Job Type: Full-time
Salary: ₹50,000.00 - ₹100,000.00 per month
Ability to commute/relocate:
Rajkot, Gujarat: Reliably commute or planning to relocate before starting work (Required)
Experience:
total work: 1 year (Preferred)
Work Location: In person
Speak with the employer
+91 9558630971",/company/Hirefaast/jobs/Development-Operations-Engineer-29381345fb651449?fccid=af716457ed0a71c4&vjs=3,Gujarat
DevOps Engineer - (WFO - Goa),"Sanquelim, Goa",Vedita Ventures,,,"DevOps Engineer
Openings: 4
Timing: Day Shift (9AM to 6pm)
Location: Sanquelim, Goa
Working: Monday to Friday, Saturday, and Sunday will be an off Day (May change as per the Project Requirement or Deadline)
Salary: 3-4 Lpa
Experience: 3+ Years in the same field
Notice Period: 0-15 Days preferred
Job Type: Full-time
Salary: ₹25,000.00 - ₹30,000.00 per month
Schedule:
Day shift
Ability to commute/relocate:
Sanquelim, Goa: Reliably commute or planning to relocate before starting work (Required)
Experience:
DevOps Engineer (3+ years) (Required)
Speak with the employer
+91 9345388636",/company/Vedita-Ventures/jobs/Development-Operations-Engineer-feef90141e5767e5?fccid=653a71d84e62f864&vjs=3,Goa
DevOps Engineer,"Ahmedabad, Gujarat",AddWeb Solution,,,"About us
AddWeb Solution is a leading IT development, consulting and outsourcing company headquartered in Ahmedabad. With a collective experience of more than 24 man years, we’ve successfully partnered an array of IT/Digital Companies & individual projects, globally. AddWeb Solution is consistently sloping upwards, providing flawless solutions, timely deliveries and boosting the overall productivity by ensuring maximum ROI.


Job Description


Implement integrations requested by the client.
Deploy updates and fixes.
Build tools to reduce the occurrences of errors and improve client experience.
Enough knowledge of Linux, Docker, Ansible, Jenkins, Configuration Mngt, Tomcat, Shell Scripting, Open-Source Technologies.
Knowledge of cloud platforms (AWS, Azure, GCP).
Experience provisioning virtual systems programmatically are required.
Develop software to integrate with internal back-end systems.
Perform root cause analysis for production errors.
Investigate and resolve technical issues.
Design procedures for system troubleshooting and maintenance.
Good hands-on knowledge of Configuration Management.

Requirements
Must be proficient in Performance testing and monitoring/alerting.
Must be good in Team Handling and client coordination.
Good time-management skills.
Great interpersonal and communication skills.

Benefits

We are a bunch of technocrats who’re passionate at heart and we drive impact by synergizing with each other’s forces & having fun while we are at it.

Our people define our culture. If there is anything we need to change/improve, we do.

Personal Benefits

Health Comes First: Extensive Medical Insurance for you and your family.

Flexible Working Hours: Decide your own productive time per your project/client.

Dental, Eye, and Body Checkups: Routine checkups help to keep you updated.

Gaming Zone: Dedicated place for enjoying a refreshing work break any time of the day.

Celebrations: Celebrate festivals and the diversity of our culture.

Parties: We just need a reason to party regularly and a BIG trip yearly.

Handmade tea and coffee, as you like it fresh: Who doesn't have fresh beverages after all.

Professional Benefits

Latest technologies: Opportunity to stay ahead in the constantly changing technology trends globally.

Vibrant work environment: Everybody helps everyone. Fueling your growth with impactful learning & growth opportunities.

Certifications: Company-sponsored certifications to fuel your competence.

Monetary Benefits

Work Anniversary Bonus: One-month additional salary as a bonus every year.

Gratuity: Your long-term commitment pays.

Interest-Free Loan up to 3 times the salary: No documentation, get money directly in your account.

Excellent Referral Bonus: Help a friend and get rewarded every time.

Make money from your money: Earn a guaranteed 10% on your investments in NBFC without any charges.

https://tinyurl.com/2dr6rbnj

Interested candidates can share their resume on manali.s@addwebsolution.in or call on 9662865574.

I'm interested

Job Opening Status
In-progress
Industry
IT Services
Work Experience
2-5 years
Salary
2.5-6LPA
Created Time
07/10/2023 15:21
City
Ahmedabad
State/Province
Gujarat
Country
India
Zip/Postal Code
380009",/rc/clk?jk=78475f458af3b20e&fccid=da0864186b0dd134&vjs=3,Gujarat
Devops Engineer - Digital Twin,"Bengaluru, Karnataka",Mercedes-Benz Research and Development India...,,,"Aufgaben
Responsibilities:

Mercedes - Benz Standard R&Rs:-

§ Systems engineering and operational support with a focus on application server and application storage.

§ Analyses and specifies technical requirements for infrastructure

§ Consults regarding existing IT application services/components

§ Performs technical feasibility checks for new proposed solutions

§ Designs infrastructure concepts and solutions

§ Defines operational concepts for new proposed solution

§ Implements, tests and documents infrastructure concepts and solutions

§ Contributes to System architecture regarding infrastructure and operations aspects

§ Infrastructure Lifecycle Management for integrated infrastructure components

§ Technical Capacity, Security and Performance Management

§ Automation of administrative system engineering tasks

§ Observes technology trends and integrating them with upcoming solutions

Project Specific R&Rs:-

§ Work on CICD Devops Pipeline tools and integrate code.

§ Implements functions or configures business applications according to the specification.

§ Knowledge of setup and configure monitoring tool. (Graphana, Promethius, Nagios and Zabbix).

§ Analyzes and specifies technical requirements for existing systems.

§ Estimates implementation effort and performs feasibility checks of requirements.

§ Implements Reusable components.

§ Ensure documentation handled for modifications, setup etc.

§ Able to coordinate and own the interaction with other Support MBRDI teams such as Linux team, Virtualization team, Network team etc.

§ Manage Kubernetes in the enterprise & public cloud environments.

§ Write yaml/required configuration files & manage all deployment artifacts independently.

§ Solve deployment issues of Frontend & backend microservices based on java, javascript, react & other technologies.

§ Create network perimeter diagrams & configure Enforcement points whenever needed.

§ Deploy Monitoring tools such Promethius. Also, configure & manage these tools.

§ Deploy / configure ELK tools.

§ Hands on experience with Linux shell scripting / Python.

Experience Required:

Daimler Standard Skills:-

Professional Skills:

§ Expert knowledge in base technologies with focus on relevant middleware components –Tomcat, Nginx and Apache etc.

§ Specific knowledge regarding operating system, server/storage technologies and integrated middleware components

§ Knowledge regarding requirements of the application design

§ Cloud Design Patterns (e.g. Hybrid Cloud) and architectures (e.g. IaaS, PaaS, DBaaS)

§ Knowledge of High-Availability concepts to build robust computing environment

§ Realization/implementation of IT solutions

§ Operating systems knowledge with Shell Scripting

§ Knowledge of IT Security controls, technologies and patterns

§ Project management skills and knowledge of creative methods in agile environments (i.e. ""design thinking"", Scrum, etc.)

§ DevOps culture, methodology and tool chain

§ Demand management, IT Service Delivery, ITIL Service Operation

Interdisciplinary Skills:

§ Technical problem-solving skills

§ Team player

§ Presentation & communication skills

Project Specific Skills:-

§ Good knowledge of scripting any one of them (bash, shell and good to have python.)

§ Good knowledge of Cloud infrastructure (Azure, AWS).

§ Knowledge of Linux preferably SuSE OS administration

§ Knowledge of Container based services (Docker and Kubernetes).

§ Knowledge of WebSphere application, Apache httpd, tomcat and clustering.

§ Knowledge of ELK (Elasticsearch Logstash and Kibana).

§ Configuration Management (GIT), Jira.

§ Can monitor & manage the Mission critical applications including deployment, patching, and migration.

§ Good knowledge of Devops toolkit such as Maven, Jenkins and knowledge of SonarQube is desirable.

§ Experience on container based application architecture.

§ Experience in WebSphere, Apache httpd, tomcat and clustering.

§ Exposure to any Cloud platform architecture and configuration Azure and AWS

§ Aware of Agile Scrum and Kanban Practices

§ Aware of ticketing systems such as ServiceNow etc is a plus but not mandatory

Qualifikationen

Responsibilities:

Mercedes Bez Standard R&Rs:-

§ Systems engineering and operational support with a focus on application server and application storage.

§ Analyses and specifies technical requirements for infrastructure

§ Consults regarding existing IT application services/components

§ Performs technical feasibility checks for new proposed solutions

§ Designs infrastructure concepts and solutions

§ Defines operational concepts for new proposed solution

§ Implements, tests and documents infrastructure concepts and solutions

§ Contributes to System architecture regarding infrastructure and operations aspects

§ Infrastructure Lifecycle Management for integrated infrastructure components

§ Technical Capacity, Security and Performance Management

§ Automation of administrative system engineering tasks

§ Observes technology trends and integrating them with upcoming solutions

Project Specific R&Rs:-

§ Work on CICD Devops Pipeline tools and integrate code.

§ Implements functions or configures business applications according to the specification.

§ Knowledge of setup and configure monitoring tool. (Graphana, Promethius, Nagios and Zabbix).

§ Analyzes and specifies technical requirements for existing systems.

§ Estimates implementation effort and performs feasibility checks of requirements.

§ Implements Reusable components.

§ Ensure documentation handled for modifications, setup etc.

§ Able to coordinate and own the interaction with other Support MBRDI teams such as Linux team, Virtualization team, Network team etc.

§ Manage Kubernetes in the enterprise & public cloud environments.

§ Write yaml/required configuration files & manage all deployment artifacts independently.

§ Solve deployment issues of Frontend & backend microservices based on java, javascript, react & other technologies.

§ Create network perimeter diagrams & configure Enforcement points whenever needed.

§ Deploy Monitoring tools such Promethius. Also, configure & manage these tools.

§ Deploy / configure ELK tools.

§ Hands on experience with Linux shell scripting / Python.

Experience Required:

Daimler Standard Skills:-

Professional Skills:

§ Expert knowledge in base technologies with focus on relevant middleware components –Tomcat, Nginx and Apache etc.

§ Specific knowledge regarding operating system, server/storage technologies and integrated middleware components

§ Knowledge regarding requirements of the application design

§ Cloud Design Patterns (e.g. Hybrid Cloud) and architectures (e.g. IaaS, PaaS, DBaaS)

§ Knowledge of High-Availability concepts to build robust computing environment

§ Realization/implementation of IT solutions

§ Operating systems knowledge with Shell Scripting

§ Knowledge of IT Security controls, technologies and patterns

§ Project management skills and knowledge of creative methods in agile environments (i.e. ""design thinking"", Scrum, etc.)

§ DevOps culture, methodology and tool chain

§ Demand management, IT Service Delivery, ITIL Service Operation

Interdisciplinary Skills:

§ Technical problem-solving skills

§ Team player

§ Presentation & communication skills

Project Specific Skills:-

§ Good knowledge of scripting any one of them (bash, shell and good to have python.)

§ Good knowledge of Cloud infrastructure (Azure, AWS).

§ Knowledge of Linux preferably SuSE OS administration

§ Knowledge of Container based services (Docker and Kubernetes).

§ Knowledge of WebSphere application, Apache httpd, tomcat and clustering.

§ Knowledge of ELK (Elasticsearch Logstash and Kibana).

§ Configuration Management (GIT), Jira.

§ Can monitor & manage the Mission critical applications including deployment, patching, and migration.

§ Good knowledge of Devops toolkit such as Maven, Jenkins and knowledge of SonarQube is desirable.

§ Experience on container based application architecture.

§ Experience in WebSphere, Apache httpd, tomcat and clustering.

§ Exposure to any Cloud platform architecture and configuration Azure and AWS

§ Aware of Agile Scrum and Kanban Practices

§ Aware of ticketing systems such as ServiceNow etc is a plus but not mandatory",/rc/clk?jk=a27122c3a617e130&fccid=9ab138c02aaca829&vjs=3,Karnataka
DevOps Engineer,"Remote in Bengaluru, Karnataka",hurreh technologies pvt ltd,,,"DevOps Engineer (Hurreh Technologies Pvt Ltd)
We are Hurreh Technologies Pvt Ltd, a leading provider of advanced software solutions, and we're looking for a motivated DevOps Engineer to join our team.
The DevOps Engineer will be responsible for managing all aspects of our DevOps practice and promoting continual improvement and automation for our development, testing, and deployment process. This role involves combining software engineering and system administration to manage our software delivery pipeline, deploy code to our server environments, and ensure the availability and scalability of our platforms.
What you'll do:
•Manage the build, test, and deployment pipelines to support automated application packaging, installation, and configuration.
•Develop and maintain Continuous Integration and Continuous Delivery (CI/CD) processes, pipelines, and workflows.
•Work with developers to ensure all code is properly configured, tested, and deployed.
•Proactively identify potential problems and solutions for optimization of code delivery pipeline.
•Monitor and maintain server and network infrastructure, including deployments and updates.
•Design, implement, and maintain tooling for the secure deployment, configuration, and support of distributed applications.
What you'll need:
•3 years of experience in a DevOps or software engineering role
•Strong knowledge of CI/CD tools such as Jenkins, Github, and Kubernetes
•Proficiency in scripting languages such as Bash and Python
•Experience working with cloud platforms such as Google Cloud Platform and Amazon Web Services
•Familiarity with containerization and virtualization technologies
•Excellent communication and problem-solving skills
•Exceptional attention to detail
If you're interested in joining our ambitious and forward-thinking team, apply now and let us know why you are the ideal DevOps Engineer for Hurreh Technologies. We look forward to hearing from you!
Apply Now
Job Type: Full-time
Salary: ₹527,920.46 - ₹1,874,747.59 per year
Benefits:
Health insurance
Paid sick time
Provident Fund
Work from home
Schedule:
Day shift
Morning shift
Supplemental pay types:
Joining bonus
Performance bonus
Yearly bonus
Ability to commute/relocate:
Bangalore, Karnataka: Reliably commute or planning to relocate before starting work (Required)",/company/hurreh-technologies-pvt-ltd/jobs/Development-Operations-Engineer-f68bfbc6c1673fe6?fccid=94572916e427c410&vjs=3,Karnataka
DevOps Engineer,"Bengaluru, Karnataka",TekCombine Inc,,,"Job Title: DevOps Engineer
Years of Experience: 4-12 years
Summary:
We are looking for a highly skilled DevOps Engineer to join our team and help us automate our software development and deployment processes. The ideal candidate will have a strong understanding of Linux, AWS, Kubernetes, Docker, and Terraform. They will also be able to work independently and as part of a team to deliver high-quality work.
Responsibilities:
Automate infrastructure provisioning and deployment
Deploy and maintain applications in production
Monitor and troubleshoot systems
Work with development teams to improve the DevOps process
Stay up-to-date on the latest DevOps technologies
Qualifications:
4+ years of experience in DevOps
Strong understanding of Linux, AWS, Kubernetes, Docker, and Terraform
Experience with automation tools such as Ansible, Chef, or Puppet
Experience with continuous integration and delivery (CI/CD) pipelines
Experience with monitoring and troubleshooting tools
Excellent problem-solving and analytical skills
Strong communication and teamwork skills
Job Type: Contractual / Temporary
Contract length: 6 months
Salary: ₹528,366.99 - ₹1,876,272.94 per year
Schedule:
Day shift
Experience:
total work: 4 years (Required)
Work Location: In person
Speak with the employer
+91 9396666796",/company/Tekcombine-Inc/jobs/Development-Operations-Engineer-e900befc6392db35?fccid=520f9e4ed5ca6b06&vjs=3,Karnataka
Management Trainee - DevOps Engineer,"Noida, Uttar Pradesh",Genpact,,,"With a startup spirit and 115,000+curious and courageous minds, we have the expertise to go deep with the world’s biggest brands—and we have fun doing it! We dream in digital, dare in reality, and reinvent the ways companies work to make an impact far bigger than just our bottom line. We’re harnessing the power of technology and humanity to create meaningful transformation that moves us forward in our pursuit of a world that works better for people.
Now, we’re calling upon the thinkers and doers, those with a natural curiosity and a hunger to keep learning, keep growing. People who thrive on fearlessly experimenting, seizing opportunities, and pushing boundaries to turn our vision into reality. And as you help us create a better world, we will help you build your own intellectual firepower.

Welcome to the relentless pursuit of better.
Inviting application for the role of Management Trainee-DevOps Engineer
We are seeking a talented and experienced DevOps Engineer to join our team. The ideal candidate will have a strong understanding of AWS services and a proven track record of expertise with AWS CloudFormation, along with other tools commonly used by DevOps professionals.
Responsibilities:
Build and manage the infrastructure for our applications, using AWS services like EC2, RDS, S3, CloudFront, CloudFormation, etc.
Build and manage the infrastructure for our Datalake, using AWS services like Glue, Glue Catalog, RDS, DynamoDB, Redshift, CloudFormation, DMS etc.
Create and maintain automation scripts for the deployment and management of applications and services using CloudFormation.
Work closely with development teams to ensure proper integration of infrastructure and Application code for Application components.
Work closely with Datalaketeams to ensure proper integration of infrastructure and Datalake code for Datalake components.
Implement, Deploy & maintain infrastructure stacks which are already deployed in production.
Monitor and troubleshoot application, Datalake and infrastructure issues.
Develop and maintain DevOps-related documentation.
Continuously evaluate and improve our DevOps processes and practices.
Stay up to date with the latest DevOps tools and trends.

Qualifications we seek in you!
Minimum Qualifications
Bachelor’s or master’s degree in computer science, Information Systems or related field
Relevant experience in a DevOps role, preferably with AWS services
Strong understanding of AWS services, especially CloudFormation is a Must
Experience with DevOps tools like Git, etc.

Preferred qualifications
Familiarity with tools like Sonar Cube (Not compulsory)
Familiarity with Agile development methodologies and tools
Ability to work independently as well as collaboratively with cross-functional teams.
Excellent written and verbal communication skills
Genpact is an Equal Opportunity Employer and considers applicants for all positions without regard to race, color, religion or belief, sex, age, national origin, citizenship status, marital status, military/veteran status, genetic information, sexual orientation, gender identity, physical or mental disability or any other characteristic protected by applicable laws. Genpact is committed to creating a dynamic work environment that values diversity and inclusion, respect and integrity, customer focus, and innovation. For more information, visit www.genpact.com. Follow us on Twitter, Facebook, LinkedIn, and YouTube.

JobManagement Trainee
Primary LocationIndia-Noida
Education LevelBachelor's / Graduation / Equivalent
Job PostingJun 27, 2023, 3:00:05 PM
Unposting DateOngoing
Master Skills ListCorporate
Job CategoryFull Time",/rc/clk?jk=03065a89488a6d94&fccid=afe30394bfba1470&vjs=3,Uttar Pradesh
Senior DevOps Engineer,"Noida, Uttar Pradesh",Wayonix Pvt.ltd,,,"Server / DevOps Engineer
Experience Required more than 4 years in DevOps.
AWS, Kubernetes, DevOps, terraform (preferably AWS/Kubernetes certified)
Thorough understanding of Kubernetes application deployment building elements such as Deployments, Services, Persistent Volumes, and Config Maps.
Obsessed with best practices and have an eye for detail
Production experience (Load balancing, application restarts, etc.)
· Strong with analytical and problem solving
CI/CD Pipeline experience - Jenkins or Github actions
Experience working on Linux-based infrastructure.
Configuration and managing databases such as MySQL.
Working knowledge of various tools, open-source technologies, and cloud services.
Awareness of critical concepts in DevOps and Agile principles.
Passion for evangelizing and presenting technical concepts to developers, IT management,
maintaining a pulse on industry trends with experience in the following key areas:
Technical Web/API,CRM, Mobile technology, and deployments
CONTACT PERSON - HR INDU,HR NIDHI
CONTACT NUMBER - 9319371330 , 9311461321
JOB TYPE - WORK FROM OFFICE
ADDRESS - D117,SEC 63,NOIDA,2ND FLOOR,201301
Job Type: Regular / Permanent
Salary: ₹40,000.00 - ₹90,000.00 per month
Benefits:
Paid sick time
Paid time off
Schedule:
Day shift
Monday to Friday
Night shift
Weekend availability
Work Location: In person
Speak with the employer
+91 9319371330",/company/Wayonix-Pvt.ltd/jobs/Development-Operations-Engineer-91385bb2a9a0713f?fccid=91d1a583cdcb0be0&vjs=3,Uttar Pradesh
Devops Engineer-DB,"Hybrid remote in Bengaluru, Karnataka",Visa,,,"Company Description

Visa is a world leader in digital payments, facilitating more than 215 billion payments transactions between consumers, merchants, financial institutions and government entities across more than 200 countries and territories each year. Our mission is to connect the world through the most innovative, convenient, reliable and secure payments network, enabling individuals, businesses and economies to thrive.
When you join Visa, you join a culture of purpose and belonging – where your growth is priority, your identity is embraced, and the work you do matters. We believe that economies that include everyone everywhere, uplift everyone everywhere. Your work will have a direct impact on billions of people around the world – helping unlock financial access to enable the future of money movement.
Join Visa: A Network Working for Everyone.

Job Description
Work on App Services Engineering (ASE) strategic efforts – working on all 3 layers of the stack related to infrastructure, middleware, and SQL DB frameworks.
Provide level 1 and 2 technical support and troubleshooting issues in the SQL development and deployment.
Working Experience in writing, PL/SQL programming, and performance tuning.
Solid understanding on data model and ability to provide logical and physical design for the given business requirements.
Nice to have knowledge on Design scalable database solution for Very Large Database (VLDB).
Mentor junior resources provide necessary guidance and perform code reviews.
Proactive performance analysis, troubleshooting and resolution of database issues.
Work very closely with the application team and DBA team to ensure delivery of database services within the SLA's and performance target set.
Support P1/P2 database issues which impacts the customer applications.
Find out opportunities on automation throughout the process for improving developer productivity and efficiency.
Knowledge on Jenkins, JIRA, GIT, Maven, Chef, docker, Kubernetes, RHEL and Windows. And also on Redgate and Liquibase.
Work with cross-functional co-located teams in release activities to enable higher developer productivity.
Work on Lower and stage environments.
Address vulnerabilities and TSR findings reported by the DBA team.
Work on App Services Engineering (ASE) strategic efforts – working on all 3 layers of the stack related to infrastructure, middleware, and SQL DB frameworks.
Provide level 1 and 2 technical support and troubleshooting issues in the SQL development and deployment.
Working Experience in writing, PL/SQL programming, and performance tuning.
Solid understanding on data model and ability to provide logical and physical design for the given business requirements.
Nice to have knowledge on Design scalable database solution for Very Large Database (VLDB).
Mentor junior resources provide necessary guidance and perform code reviews.
Proactive performance analysis, troubleshooting and resolution of database issues.
Work very closely with the application team and DBA team to ensure delivery of database services within the SLA's and performance target set.
Support P1/P2 database issues which impacts the customer applications.
Find out opportunities on automation throughout the process for improving developer productivity and efficiency.
Knowledge on Jenkins, JIRA, GIT, Maven, Chef, docker, Kubernetes, RHEL and Windows. And also on Redgate and Liquibase.
Work with cross-functional co-located teams in release activities to enable higher developer productivity.
Work on Lower and stage environments.
Address vulnerabilities and TSR findings reported by the DBA team.
This is a hybrid position. Hybrid employees can alternate time between both remote and office. Employees in hybrid roles are expected to work from the office 2-3 set days a week (determined by leadership/site), with a general guidepost of being in the office 50% or more of the time based on business needs.

Qualifications

Basic Qualifications:
2+ years of relevant work experience and a Bachelors degree, OR 5+ years of relevant work experience
BE or equivalent with 3+ experience
Working experience in implementing SQL Server 2017 and SQL 2019 new features.
Work experience in the implementation of active-active configuration at the database layer.
Good understanding of the high availability and disaster recovery options. Expert in SQL Server native replication.
Should have working knowledge on any scripting.
Experience with tools development, automation (CI/CD, Auto Deployment with Redgate, System Availability, etc.).
Extended experience in Agile Release Management practices, governance, and planning.
Ability to quickly identify and manage/mitigate risks.
Ability to influence Senior Leadership on direction of engineering efficiencies and integration management through data, roadmaps, short/long term plans, etc.
Strong ability to build and sustain working and strategic relationships across technology.
Strong communication skills with demonstrated ability to work across different time zones.
Strong analytical and problem-solving skills.
Strong Desire to support development teams to fix the issues.

Additional Information

Visa is an EEO Employer. Qualified applicants will receive consideration for employment without regard to race, color, religion, sex, national origin, sexual orientation, gender identity, disability or protected veteran status. Visa will also consider for employment qualified applicants with criminal histories in a manner consistent with EEOC guidelines and applicable local law.",/rc/clk?jk=779b861f48ec95ba&fccid=a3f737e511d9fc8c&vjs=3,Karnataka
DevOps Engineer,"Hyderabad, Telangana",BDP Technosoft Solutions,,,"REQUIREMENTS
· Deep knowledge of networking, infrastructure and applications from a DevOps perspective with a security focus
· In depth understanding of the methods of technical attack and how these can be detected in a digital environment
· Strong working knowledge in working with following project management & Code maintenance
· Hands on Experience with debugging and troubleshooting CI/CD pipeline issues with Azure PaaS Solid working experience with AWS architecture with excellent capability for managing and organization of cloud infrastructure
· Excellent verbal and written communication skills, including the ability to establish and maintain effective working relationships
· Strong data driven troubleshooting skills with the ability to spot issues before they become problems.
· Good knowledge Serverless compute services like Azure functions, Logic Apps etc.
· Work with Cloud Engineering teams to deliver Cloud Transformations & Migrations projects
· Setup, create and manage the factory process, methodology, tools to run the projects efficiently
QUALIFICATIONS
· 2 years of experience in DevOps
Bachelors in computer science or Information Technology from an accredited university.
· At least 1 year full-time working experience as a software engineer in a medium or large firm.
· Ability to effectively communicate and excellent interpersonal skills
· Experience in server, storage and networking system engineering and operations.
Experience in azure AD
Working on ways to automate and improve development and release processes
Ensuring that systems are safe and secure
Job Type: Full-time
Salary: ₹402,982.69 - ₹543,853.24 per year
Benefits:
Health insurance
Provident Fund
Schedule:
Day shift
Supplemental pay types:
Yearly bonus
Ability to commute/relocate:
Hyderabad, Telangana: Reliably commute or planning to relocate before starting work (Required)
Experience:
total work: 1 year (Preferred)
Speak with the employer
+91",/company/BDP-Technosoft-Solutions/jobs/Development-Operations-Engineer-e978f2c2ec3b7143?fccid=6ca2e87f42728bc1&vjs=3,Telangana
DevOps Engineer,"Ahmedabad, Gujarat",Moon Technolabs,,,"Position: DevOps Engineer
Experience: 3+ Years
Please keep in mind that this is a work from office position only.
Location: Sola, SG Highway, Ahmadabad
Preferred Qualifications:
- AWS or Azure certifications (e.g., AWS Certified DevOps Engineer, Azure DevOps Engineer Expert).
- Experience with infrastructure as code (IaC) principles and tools.
- Familiarity with serverless computing and microservices architectures.
understanding of security best practices for cloud environments.
- Knowledge of container orchestration platforms like AWS ECS or Azure Container Instances.
Contact:
Gambhir S - 932818o89o
Job Type: Full-time
Salary: ₹40,000.00 - ₹70,000.00 per month
Schedule:
Day shift
Morning shift
Experience:
DevOps: 2 years (Required)
Speak with the employer
+91 9328180890",/company/Moon-Technolabs/jobs/Development-Operations-Engineer-5055e59d6c9c9e96?fccid=2f8629c5820701bf&vjs=3,Gujarat
DevOps Engineer,"Gurgaon, Haryana",Fantasy Akhada,,,"About the Company
Super Six Sports Gaming (SSSG) is a sports tech organisation which focuses on building world class products in the domain of sports on the back of technology, with the single point agenda of driving sports engagement in the country. The company was launched in 2020 and has ever since identified three key levers of sports engagement and built brands focussing on those levers in their journey of creating a sporting ecosystem in the country. The above mentioned levers, along with the respective SSSG brand in the domain, has been explained in detail below:-
A short brief about the products
Fantasy Sports | Brand Name: Fantasy Akhada - is one of India's Top 5 fantasy sports platforms with Harsha Bhogle as the Brand Ambassador. Keeping customer centricity at the core, the brand has taken rapid strides from being one of the 200 platforms in the country to cementing a position in the Top 5 in less than 3 years. Over 5 million registered users.
Sports Content | Brand Name: VUSPORT - On the back of streaming of LIVE matches, sports analytics and generic sports content, the brand VUSPORT was launched in Jan 2022 with the product launch in Q4 FY 23. The legendary AB De Villiers and Sunil Chhetri are the faces of the brand and the idea is to drive engagement among fans on the back of content and analytics.
Quizzing | Brand Name: Ultimate Sports Quiz - Launched in early 2022, the idea of USQ was to leverage Sports Quizzing as a tool to drive people into following sports. This brand focuses only at the school level with a massive TAM of 200+ million students. Season 1 of Ultimate Sports Quiz was broadcast on the Sony Sports Network and MX Player and witnessed a wide read of over 8 million viewers. We witnessed participation from over 25 cities across the length & breadth of the country and the quiz show was hosted by the legendary Harsha Bhogle.
Role: DevOps Engineer
Experience Required: 2+ years
Location: Noida
Job Responsibilities:
Working independently with minimal supervision in a high-growth stage start-up
Designing and developing automation to support continuous delivery and continuous integration processes
Working with senior leaders to deliver on complex, enterprise – level initiatives that are a part of the company's overall strategic direction
Assisting Cloud Architects to provide operations and migration services that enable VA to tailor the availability and delivery of cloud computing services based on business and technical requirements
Leading, driving, and implementing highly scalable and complex solutions
Driving both systems administration and showing a strong desire to expand their experience architecting and implementing cloud solutions
Designing and communicating custom workflows, run books, and response documents
Providing scripted solutions to unique scenarios
Required Skills:
● 2+ years of experience in managing AWS CI/CD pipeline and infrastructure
● Experience in Apache, NGNX server setup and tuning for high performance
● Experience in AWS environment for: IAM, VPC setup, subnet, EC2, Load
balancing, Redis clustering, RDS setup and tuning, S3, CloudWatch, MongoDB
setup, Aurora, API Gateway, Route 53, Lambda functions, MySQL setup and
tuning, Error logging (monitoring and alert setup),MongoDB Atlas.
● Working experience on ECS far gate, docker, microservice setup will be
preferred
● Knowledge of configuring tools: Jenkins, SonarQube, Terraform, Selenium or
equivalent tools in AWS will be preferred
● Experience in / knowledge of Git configuration, setup, and management
● Knowledge of code security implementation and monitoring
Job Type: Full-time
Benefits:
Health insurance
Leave encashment
Paid sick time
Paid time off
Provident Fund
Schedule:
Day shift
Ability to commute/relocate:
Sector 62, Gurgaon - 122011, Haryana: Reliably commute or planning to relocate before starting work (Required)
Experience:
total work: 1 year (Preferred)",/company/Fantasy-Akhada/jobs/Development-Operations-Engineer-9fae98f537597603?fccid=2a1ac11dde008e25&vjs=3,Haryana
DevOps Engineer,"Gurgaon, Haryana",Coolboots Media Pvt Ltd,,,"Position : Deployment Engineer / Devops
Location: Gurgaon
Educational Qualifications :
B.Tech/ BE/ MS/MTech / MCA with 2+years of experience
Skills Set -
Specialities: Open Source, Linux, Devops, Bash, Monitoring, Haproxy, Logstash, Cloud, Web Servers (Apache, Nginx), Apache Tomcat, MySQL, Redis, Docker, Jenkins, MongoDB, Performance Tuning, Scalability,Python, postfix, q-mail
Job Description
2+ yrs of experience in handling builds/releases in various environments ranging from
QA to Production.
● Comfort with frequent, incremental code testing and deployment
● Knowledge on Relation & Document Database like MySQL & MongoDB client.
● Experience administering and deploying development CI/CD tools such as GitHub, Jira, CircleCi / Jenkins, Jfrog, SonarQube, etc.
● Should be familiar with OS (Linux)
● Must be good at analyzing and debugging Java based enterprise applications.
● Experience in deploying Open Source components on Linux Based environments - i.e Web Servers / RDBMS -MySQL / Redis / Docker / NoSQL DB etc.
● Experience in deploying and configuring applications in Tomcat in Cloud and Docker environments.
● Proven experience with log monitoring, collection and analysis.
● Good at understanding build scripts in Gradle and Ant.
● Good with writing batch and shell scripts to automate the build and deployment process.
● Must have prior experience in troubleshooting the issues in deployed environments and answer the queries in releases.
● Self-motivated and willing to learn new technologies continuously.
Primary Responsibilities
● Maintain, manage, enhance and own builds and releases to various environments, such as development, QA, pre-production and production.
● Manage source code version control system and Build server. Develop and maintain an efficient and flexible automated deployment framework that
● Ensures repeatable and reliable deployment of releases into multiple environments
● Provide deployment and troubleshooting support. Implement branching and merging strategies for build and patch releases.
● Documentation, such as build procedures; build release notes, and installation/configuration notes.
● Work with the development team to define specifications for value added tools which can improve or automate support processes.
● Provide quick resolution to build issues.
● Design, develop and maintain tools to support the needs of the team.
● Expert in Source Code Management Tools such as GIT.
● Knowledge of Python, shell scripts, Batch, Maven.
● Detailed knowledge of the Linux operating system and tools.
● Sound understanding of web technologies.
Excellent problem solving, analytical skills and technical troubleshooting skills.
Job Type: Full-time
Salary: ₹400,000.00 - ₹1,000,000.00 per year
Benefits:
Health insurance
Provident Fund
Schedule:
Day shift
Supplemental pay types:
Yearly bonus
Ability to commute/relocate:
Gurgaon, Haryana: Reliably commute or planning to relocate before starting work (Required)
Experience:
total work (Preferred)
Speak with the employer
+91 7531050759",/company/CoolBoots-Media-Pvt-Ltd/jobs/Development-Operations-Engineer-a30a5acc69145f09?fccid=2831fd10374e78d2&vjs=3,Haryana
DevOps Engineer,"Delhi, Delhi",A.P.T. Portfolio,,,"A.P.T Portfolio, a high frequency trading firm that specialises in Quantitative Trading & Investment Strategies.Founded in November 2009, it has been a major liquidity provider in global Stock markets.
Responsible for providing Application Support to various internally developed applications used by the organization.
Understand application and business functionality and use technical and analytical expertise to locate and resolve problems.
Deploy - Coordinate and deploy automated build and releases into various environments, applications and processes.
Operate - Works with the rest of the DevOps team to ensure that all systems are performing at an optimal level.
Create and maintain support documentation on a continuous basis.
Monitor- Must ensure the system is running smoothly and being monitored, and respond to issues as they arise
Redesign & automate workflows to optimize various processes.
Providing support during the development cycle, for development and launch of new versions, through use of tools such as Jira, Perforce, GIT etc.
Qualifications
Bachelors or Masters Level Degree, preferably in CSC/IT
2-5 years of relevant experience,
Understanding of the concepts and principles behind DevOps, Continuous Delivery, Agile, Lean,etc.
Strong experience with automating the processes and applications, using Python to analyse,.
Experience in Kubernetes, Docker & Ansible.
Must have a strong knowledge and working experience in Linux and Scripting.
Experience in development & release environment for C++ , Verilog applications.
Must have strong knowledge of IT Infrastructure, Networking, grid and scripting.
Must be comfortable with frequent, incremental code testing and deployment.
Must have strong grasp of automation & Data management tools.
Desirables
Professional attitude, co-operative and mature approach to work, must be focused, structured and well considered, troubleshooting skills.
Must be comfortable with frequent, incremental code testing and deployment.
Exhibit a high level of individual initiative and ownership, effectively collaborate with other team members.
Work closely with our development teams from the early stages of design, all the way through identifying and resolving production issues.
APT Portfolio is an equal opportunity employer",/rc/clk?jk=e07716f9f14cb6eb&fccid=0f50ac1c5f338535&vjs=3,Delhi
