Title,Location,Company,Salary,Sponsored,Description,Job Link
Data Science Engineer,"New York, NY",Adobe,"Estimated: $122,400 - $223,000 a year",,"BS or MS degree in an analytical field: statistics, applied mathematics, computer science, engineering, economics, etc. or 10+years of equivalent practical…",https://www.simplyhired.com/job/LSG9a5a0DD5wZ9csIRkqJyAztHyjtbId4GcpRX8Z5oe-HcRuj399lg
Data Science Engineer,"New York, NY",Adobe,"Estimated: $122,400 - $223,000 a year",,"BS or MS degree in an analytical field: statistics, applied mathematics, computer science, engineering, economics, etc. or 10+years of equivalent practical…",https://www.simplyhired.com/job/LSG9a5a0DD5wZ9csIRkqJyAztHyjtbId4GcpRX8Z5oe-HcRuj399lg
Data Science Engineer,"New York, NY",Adobe,"Estimated: $122,400 - $223,000 a year",,"BS or MS degree in an analytical field: statistics, applied mathematics, computer science, engineering, economics, etc. or 10+years of equivalent practical…",https://www.simplyhired.com/job/LSG9a5a0DD5wZ9csIRkqJyAztHyjtbId4GcpRX8Z5oe-HcRuj399lg
Data Science Engineer,"New York, NY",Adobe,"Estimated: $122,400 - $223,000 a year",,"BS or MS degree in an analytical field: statistics, applied mathematics, computer science, engineering, economics, etc. or 10+years of equivalent practical…",https://www.simplyhired.com/job/LSG9a5a0DD5wZ9csIRkqJyAztHyjtbId4GcpRX8Z5oe-HcRuj399lg
Data Science Engineer,"New York, NY",Adobe,"Estimated: $122,400 - $223,000 a year",,"BS or MS degree in an analytical field: statistics, applied mathematics, computer science, engineering, economics, etc. or 10+years of equivalent practical…",https://www.simplyhired.com/job/LSG9a5a0DD5wZ9csIRkqJyAztHyjtbId4GcpRX8Z5oe-HcRuj399lg
Data Science Engineer,"New York, NY",Adobe,"Estimated: $122,400 - $223,000 a year",,"BS or MS degree in an analytical field: statistics, applied mathematics, computer science, engineering, economics, etc. or 10+years of equivalent practical…",https://www.simplyhired.com/job/LSG9a5a0DD5wZ9csIRkqJyAztHyjtbId4GcpRX8Z5oe-HcRuj399lg
Data Science Engineer,"New York, NY",Adobe,"Estimated: $122,400 - $223,000 a year",,"BS or MS degree in an analytical field: statistics, applied mathematics, computer science, engineering, economics, etc. or 10+years of equivalent practical…",https://www.simplyhired.com/job/LSG9a5a0DD5wZ9csIRkqJyAztHyjtbId4GcpRX8Z5oe-HcRuj399lg
Data Science Engineer,"New York, NY",Adobe,"Estimated: $122,400 - $223,000 a year",,"BS or MS degree in an analytical field: statistics, applied mathematics, computer science, engineering, economics, etc. or 10+years of equivalent practical…",https://www.simplyhired.com/job/LSG9a5a0DD5wZ9csIRkqJyAztHyjtbId4GcpRX8Z5oe-HcRuj399lg
Data Science Engineer,"New York, NY",Adobe,"Estimated: $122,400 - $223,000 a year",,"BS or MS degree in an analytical field: statistics, applied mathematics, computer science, engineering, economics, etc. or 10+years of equivalent practical…",https://www.simplyhired.com/job/LSG9a5a0DD5wZ9csIRkqJyAztHyjtbId4GcpRX8Z5oe-HcRuj399lg
Data Science Engineer,"New York, NY",Adobe,"Estimated: $122,400 - $223,000 a year",,"BS or MS degree in an analytical field: statistics, applied mathematics, computer science, engineering, economics, etc. or 10+years of equivalent practical…",https://www.simplyhired.com/job/LSG9a5a0DD5wZ9csIRkqJyAztHyjtbId4GcpRX8Z5oe-HcRuj399lg
Data Science Engineer,"New York, NY",Adobe,"Estimated: $122,400 - $223,000 a year",,"BS or MS degree in an analytical field: statistics, applied mathematics, computer science, engineering, economics, etc. or 10+years of equivalent practical…",https://www.simplyhired.com/job/LSG9a5a0DD5wZ9csIRkqJyAztHyjtbId4GcpRX8Z5oe-HcRuj399lg
Data Science Engineer,"New York, NY",Adobe,"Estimated: $122,400 - $223,000 a year",,"BS or MS degree in an analytical field: statistics, applied mathematics, computer science, engineering, economics, etc. or 10+years of equivalent practical…",https://www.simplyhired.com/job/LSG9a5a0DD5wZ9csIRkqJyAztHyjtbId4GcpRX8Z5oe-HcRuj399lg
Data Science Engineer,"New York, NY",Adobe,"Estimated: $122,400 - $223,000 a year",,"BS or MS degree in an analytical field: statistics, applied mathematics, computer science, engineering, economics, etc. or 10+years of equivalent practical…",https://www.simplyhired.com/job/LSG9a5a0DD5wZ9csIRkqJyAztHyjtbId4GcpRX8Z5oe-HcRuj399lg
Data Science Engineer,"New York, NY",Adobe,"Estimated: $122,400 - $223,000 a year",,"BS or MS degree in an analytical field: statistics, applied mathematics, computer science, engineering, economics, etc. or 10+years of equivalent practical…",https://www.simplyhired.com/job/LSG9a5a0DD5wZ9csIRkqJyAztHyjtbId4GcpRX8Z5oe-HcRuj399lg
Data Science Engineer,"New York, NY",Adobe,"Estimated: $122,400 - $223,000 a year",,"BS or MS degree in an analytical field: statistics, applied mathematics, computer science, engineering, economics, etc. or 10+years of equivalent practical…",https://www.simplyhired.com/job/LSG9a5a0DD5wZ9csIRkqJyAztHyjtbId4GcpRX8Z5oe-HcRuj399lg
Data Science Engineer,"New York, NY",Adobe,"Estimated: $122,400 - $223,000 a year",,"BS or MS degree in an analytical field: statistics, applied mathematics, computer science, engineering, economics, etc. or 10+years of equivalent practical…",https://www.simplyhired.com/job/LSG9a5a0DD5wZ9csIRkqJyAztHyjtbId4GcpRX8Z5oe-HcRuj399lg
Data Science Engineer,"New York, NY",Adobe,"Estimated: $122,400 - $223,000 a year",,"BS or MS degree in an analytical field: statistics, applied mathematics, computer science, engineering, economics, etc. or 10+years of equivalent practical…",https://www.simplyhired.com/job/LSG9a5a0DD5wZ9csIRkqJyAztHyjtbId4GcpRX8Z5oe-HcRuj399lg
Data Science Engineer,"New York, NY",Adobe,"Estimated: $122,400 - $223,000 a year",,"BS or MS degree in an analytical field: statistics, applied mathematics, computer science, engineering, economics, etc. or 10+years of equivalent practical…",https://www.simplyhired.com/job/LSG9a5a0DD5wZ9csIRkqJyAztHyjtbId4GcpRX8Z5oe-HcRuj399lg
Data Science Engineer,"New York, NY",Adobe,"Estimated: $122,400 - $223,000 a year",,"BS or MS degree in an analytical field: statistics, applied mathematics, computer science, engineering, economics, etc. or 10+years of equivalent practical…",https://www.simplyhired.com/job/LSG9a5a0DD5wZ9csIRkqJyAztHyjtbId4GcpRX8Z5oe-HcRuj399lg
Data Science Engineer,"New York, NY",Adobe,"Estimated: $122,400 - $223,000 a year",,"BS or MS degree in an analytical field: statistics, applied mathematics, computer science, engineering, economics, etc. or 10+years of equivalent practical…",https://www.simplyhired.com/job/LSG9a5a0DD5wZ9csIRkqJyAztHyjtbId4GcpRX8Z5oe-HcRuj399lg
Data Science Engineer,"New York, NY",Adobe,"Estimated: $122,400 - $223,000 a year",,"BS or MS degree in an analytical field: statistics, applied mathematics, computer science, engineering, economics, etc. or 10+years of equivalent practical…",https://www.simplyhired.com/job/LSG9a5a0DD5wZ9csIRkqJyAztHyjtbId4GcpRX8Z5oe-HcRuj399lg
Data Science Engineer,"New York, NY",Adobe,"Estimated: $122,400 - $223,000 a year",,"BS or MS degree in an analytical field: statistics, applied mathematics, computer science, engineering, economics, etc. or 10+years of equivalent practical…",https://www.simplyhired.com/job/LSG9a5a0DD5wZ9csIRkqJyAztHyjtbId4GcpRX8Z5oe-HcRuj399lg
Data Science Engineer,"New York, NY",Adobe,"Estimated: $122,400 - $223,000 a year",,"BS or MS degree in an analytical field: statistics, applied mathematics, computer science, engineering, economics, etc. or 10+years of equivalent practical…",https://www.simplyhired.com/job/LSG9a5a0DD5wZ9csIRkqJyAztHyjtbId4GcpRX8Z5oe-HcRuj399lg
Data Science Engineer,"New York, NY",Adobe,"Estimated: $122,400 - $223,000 a year",,"BS or MS degree in an analytical field: statistics, applied mathematics, computer science, engineering, economics, etc. or 10+years of equivalent practical…",https://www.simplyhired.com/job/LSG9a5a0DD5wZ9csIRkqJyAztHyjtbId4GcpRX8Z5oe-HcRuj399lg
Data Science Engineer,"New York, NY",Adobe,"Estimated: $122,400 - $223,000 a year",,"BS or MS degree in an analytical field: statistics, applied mathematics, computer science, engineering, economics, etc. or 10+years of equivalent practical…",https://www.simplyhired.com/job/LSG9a5a0DD5wZ9csIRkqJyAztHyjtbId4GcpRX8Z5oe-HcRuj399lg
Data Science Engineer,"New York, NY",Adobe,"Estimated: $122,400 - $223,000 a year",,"BS or MS degree in an analytical field: statistics, applied mathematics, computer science, engineering, economics, etc. or 10+years of equivalent practical…",https://www.simplyhired.com/job/LSG9a5a0DD5wZ9csIRkqJyAztHyjtbId4GcpRX8Z5oe-HcRuj399lg
Data Science Engineer,"New York, NY",Adobe,"Estimated: $122,400 - $223,000 a year",,"BS or MS degree in an analytical field: statistics, applied mathematics, computer science, engineering, economics, etc. or 10+years of equivalent practical…",https://www.simplyhired.com/job/LSG9a5a0DD5wZ9csIRkqJyAztHyjtbId4GcpRX8Z5oe-HcRuj399lg
Data Science Engineer,"New York, NY",Adobe,"Estimated: $122,400 - $223,000 a year",,"BS or MS degree in an analytical field: statistics, applied mathematics, computer science, engineering, economics, etc. or 10+years of equivalent practical…",https://www.simplyhired.com/job/LSG9a5a0DD5wZ9csIRkqJyAztHyjtbId4GcpRX8Z5oe-HcRuj399lg
Data Science Engineer,"New York, NY",Adobe,"Estimated: $122,400 - $223,000 a year",,"BS or MS degree in an analytical field: statistics, applied mathematics, computer science, engineering, economics, etc. or 10+years of equivalent practical…",https://www.simplyhired.com/job/LSG9a5a0DD5wZ9csIRkqJyAztHyjtbId4GcpRX8Z5oe-HcRuj399lg
Data Science Engineer,"New York, NY",Adobe,"Estimated: $122,400 - $223,000 a year",,"BS or MS degree in an analytical field: statistics, applied mathematics, computer science, engineering, economics, etc. or 10+years of equivalent practical…",https://www.simplyhired.com/job/LSG9a5a0DD5wZ9csIRkqJyAztHyjtbId4GcpRX8Z5oe-HcRuj399lg
Data Science Engineer,"New York, NY",Adobe,"Estimated: $122,400 - $223,000 a year",,"BS or MS degree in an analytical field: statistics, applied mathematics, computer science, engineering, economics, etc. or 10+years of equivalent practical…",https://www.simplyhired.com/job/LSG9a5a0DD5wZ9csIRkqJyAztHyjtbId4GcpRX8Z5oe-HcRuj399lg
Data Science Engineer,"New York, NY",Adobe,"Estimated: $122,400 - $223,000 a year",,"BS or MS degree in an analytical field: statistics, applied mathematics, computer science, engineering, economics, etc. or 10+years of equivalent practical…",https://www.simplyhired.com/job/LSG9a5a0DD5wZ9csIRkqJyAztHyjtbId4GcpRX8Z5oe-HcRuj399lg
Data Science Engineer,"New York, NY",Adobe,"Estimated: $122,400 - $223,000 a year",,"BS or MS degree in an analytical field: statistics, applied mathematics, computer science, engineering, economics, etc. or 10+years of equivalent practical…",https://www.simplyhired.com/job/LSG9a5a0DD5wZ9csIRkqJyAztHyjtbId4GcpRX8Z5oe-HcRuj399lg
Data Science Engineer,"New York, NY",Adobe,"Estimated: $122,400 - $223,000 a year",,"BS or MS degree in an analytical field: statistics, applied mathematics, computer science, engineering, economics, etc. or 10+years of equivalent practical…",https://www.simplyhired.com/job/LSG9a5a0DD5wZ9csIRkqJyAztHyjtbId4GcpRX8Z5oe-HcRuj399lg
Data Science Engineer,"New York, NY",Adobe,"Estimated: $122,400 - $223,000 a year",,"BS or MS degree in an analytical field: statistics, applied mathematics, computer science, engineering, economics, etc. or 10+years of equivalent practical…",https://www.simplyhired.com/job/LSG9a5a0DD5wZ9csIRkqJyAztHyjtbId4GcpRX8Z5oe-HcRuj399lg
Data Science Engineer,"New York, NY",Adobe,"Estimated: $122,400 - $223,000 a year",,"BS or MS degree in an analytical field: statistics, applied mathematics, computer science, engineering, economics, etc. or 10+years of equivalent practical…",https://www.simplyhired.com/job/LSG9a5a0DD5wZ9csIRkqJyAztHyjtbId4GcpRX8Z5oe-HcRuj399lg
Data Science Engineer,"New York, NY",Adobe,"Estimated: $122,400 - $223,000 a year",,"BS or MS degree in an analytical field: statistics, applied mathematics, computer science, engineering, economics, etc. or 10+years of equivalent practical…",https://www.simplyhired.com/job/LSG9a5a0DD5wZ9csIRkqJyAztHyjtbId4GcpRX8Z5oe-HcRuj399lg
Data Science Engineer,"New York, NY",Adobe,"Estimated: $122,400 - $223,000 a year",,"BS or MS degree in an analytical field: statistics, applied mathematics, computer science, engineering, economics, etc. or 10+years of equivalent practical…",https://www.simplyhired.com/job/LSG9a5a0DD5wZ9csIRkqJyAztHyjtbId4GcpRX8Z5oe-HcRuj399lg
Data Science Engineer,"New York, NY",Adobe,"Estimated: $122,400 - $223,000 a year",,"BS or MS degree in an analytical field: statistics, applied mathematics, computer science, engineering, economics, etc. or 10+years of equivalent practical…",https://www.simplyhired.com/job/LSG9a5a0DD5wZ9csIRkqJyAztHyjtbId4GcpRX8Z5oe-HcRuj399lg
Data Science Engineer,"New York, NY",Adobe,"Estimated: $122,400 - $223,000 a year",,"BS or MS degree in an analytical field: statistics, applied mathematics, computer science, engineering, economics, etc. or 10+years of equivalent practical…",https://www.simplyhired.com/job/LSG9a5a0DD5wZ9csIRkqJyAztHyjtbId4GcpRX8Z5oe-HcRuj399lg
Data Science Engineer,"New York, NY",Adobe,"Estimated: $122,400 - $223,000 a year",,"BS or MS degree in an analytical field: statistics, applied mathematics, computer science, engineering, economics, etc. or 10+years of equivalent practical…",https://www.simplyhired.com/job/LSG9a5a0DD5wZ9csIRkqJyAztHyjtbId4GcpRX8Z5oe-HcRuj399lg
Data Science Engineer,"New York, NY",Adobe,"Estimated: $122,400 - $223,000 a year",,"BS or MS degree in an analytical field: statistics, applied mathematics, computer science, engineering, economics, etc. or 10+years of equivalent practical…",https://www.simplyhired.com/job/LSG9a5a0DD5wZ9csIRkqJyAztHyjtbId4GcpRX8Z5oe-HcRuj399lg
